user_id_1,user_id_2,time_suspended,time_new_created
467631043905270,197989873351869,1635794393,1636418528
759229423833380,853310503411411,1623172152,1623791375
171447930033958,271292978381266,1654256989,1654852860
175501164067492,903218386038306,1652798889,1653426948
762366996339735,805788960233099,1647587034,1648223654
738786163080741,122825142626683,1659575051,1660175692
359776422735579,416758223807077,1623077979,1623633529
277537414783369,998866167023325,1618246078,1618816027
220854432945240,836129538599988,1625952330,1626555953
217165688589985,507412000798489,1656356517,1656985478
997124852835182,297216071171556,1639283905,1639868420
233030215419526,501012773909112,1621612707,1622237005
159931319123672,184375101020560,1633607809,1634209062
441971021201359,418223793260589,1612308331,1612901294
340899494899196,134981064383353,1655548389,1656164185
135156644152972,767095245795029,1629236520,1629832440
238268281406666,275649711652705,1631882556,1632472271
442032269336151,982687637339498,1636185165,1636813569
280871963989032,496473781622800,1610772338,1611397269
272118972550472,430616773855401,1651790189,1652409836
184060470165085,939234903511115,1645861077,1646465587
323305288622410,723024510324180,1653854716,1654444089
758908055179674,131060466947640,1651936827,1652492633
546435419625410,719857743474273,1635866878,1636485091
786255670213224,616527319951815,1651688631,1652288067
328507428392786,964904930229752,1649176717,1649769145
984754554030112,209273326706435,1662661553,1663325733
936916097516574,293361003218288,1629434598,1629997024
940223526040440,878282690815720,1640412249,1641004120
405578182419559,547563507677094,1653594739,1654189426
134903229881445,327729229421257,1640472657,1641111260
756449171196039,249303124588312,1621323542,1621938592
635684373714794,203856114757512,1650192133,1650794626
806129797450004,136017420441313,1619011627,1619642775
996038342474541,280516109340642,1629463078,1630038438
775988196998427,933670199109090,1624841823,1625436583
819873943500902,977762074472571,1638495786,1639067675
985040153909011,670354629587586,1657895004,1658451638
331535549123234,232739090372734,1618171450,1618736397
802176458516449,321463924075178,1641140890,1641785221
676777827057380,227096736360876,1635383933,1636046671
326861504981939,596515150085498,1610342086,1610924823
383176555608130,968889209843276,1633343656,1633996166
934919710486641,589813830338370,1623271542,1623857334
210896058885712,297548630740078,1611989932,1612597110
899072237437109,940758462267996,1621968471,1622591973
817968422797801,248511059149316,1614212056,1614807201
628076473538165,990783897295667,1661627046,1662200244
926135422209141,276091036192182,1624031624,1624667349
501946663699819,524987336268462,1611316633,1611959384
162253852035863,761946158622883,1643350309,1643966140
497210450683264,509026066647322,1657285867,1657885167
852204114975396,246495700404466,1638974535,1639536935
143021134833684,672082668146886,1658338341,1658958185
127778774118424,827028782700039,1630654204,1631259144
920875073776497,159386177671006,1634344813,1634949420
233044730950416,787875134102201,1617942182,1618553859
684826314833811,227802887571461,1658992462,1659622781
492783840120871,291830633889468,1635747758,1636338538
177901447590390,890123795175859,1612233902,1612840538
270627670687660,930228666316001,1650200351,1650839683
270646095835341,952411656690057,1659434284,1660099606
531747670368953,959681963581237,1623716291,1624314103
584923288100155,317215898190192,1611359878,1611941486
690629860504122,937736751820254,1655774336,1656395343
800257034968803,509108390905673,1661275623,1661900949
347491570086650,638027105308188,1654888555,1655500160
851463710392479,456199202181689,1610739741,1611356225
573968755270362,629858954609797,1649292253,1649891256
519117186631102,908484237602014,1622926325,1623538629
267871157971276,202693800826781,1635343926,1635922112
860123551604086,757483266298614,1621861619,1622442720
378816419360411,958944387594677,1638159639,1638745213
392860633684473,459943046581675,1611948754,1612577697
943990294867361,534232264845008,1643183912,1643830974
296625612447152,651233132072521,1623511323,1624135005
663748212269237,698449601342506,1622119300,1622770638
735916778471046,982596306650987,1639761085,1640307800
926177488747513,439996913741312,1661029509,1661665272
266542151222528,879001277946919,1652576867,1653221809
329179658667490,947836459298581,1645373969,1645980546
264522088262201,548304544533607,1648767715,1649362289
306251159358901,726324847367495,1650676570,1651262926
756152352688765,737293381358528,1612317318,1612923021
886889861867711,536700549682822,1658914843,1659530247
124361797344216,564402793969334,1627151902,1627756891
423338692314050,146421392917730,1634852547,1635411219
278703364565439,184610211884613,1613177395,1613790375
221606696974557,368649700663182,1646863019,1647443738
898687956567293,394999293296879,1611405742,1612029953
944825075089736,649247246273180,1649693113,1650334433
266782302266326,292812928274830,1617207369,1617873196
205037376723417,849187154245977,1625851250,1626453189
137373666576314,417331692367783,1626222426,1626851669
873958962468769,507372013658957,1635032017,1635676497
562736455705965,355938319360857,1618285854,1618885339
778121249970704,107427843621967,1615551995,1616132095
961554704046916,714037323536824,1617821926,1618355212
123351228850829,397756869385548,1660811263,1661428059
800575159379869,888191262928680,1639955488,1640557993
150838335882297,911349973660508,1643641604,1644246032
408927524058925,336927157358190,1640516091,1641137840
160008266431880,645056501365418,1635251698,1635878177
991129433689996,329360877668604,1645614212,1646220718
750149236123456,298552749787341,1641553235,1642123279
911090517174686,721222852268692,1661103237,1661647826
579955880300273,998208398624551,1633969664,1634557316
323430329579178,278126718309901,1620662196,1621248191
734177638262454,903816571198964,1651082253,1651702845
648592109007783,262040057444786,1618798455,1619410363
556690799642607,393497117759731,1624296425,1624915738
277058854910260,756362683858489,1627744434,1628341780
152787630731043,976497252505050,1649815846,1650383623
418876702658124,807601861647735,1611996488,1612567242
147086153723554,539756440950953,1656535271,1657172951
931231426056639,562945329356853,1628077656,1628700664
525969155828784,927786671053601,1657411500,1658020696
418295340618901,135172252338972,1627350675,1627971710
958608292236580,222109709300787,1622761741,1623402759
888338664076423,400926875183820,1647897573,1648505187
209010836280779,470726853845557,1620536515,1621162237
615073758993581,730497765727817,1616634438,1617268520
331501071665837,606553869288384,1640968314,1641579318
108194600260993,861893277656812,1658155955,1658758695
222099654866960,980032664252113,1620083434,1620744927
121696521415056,757053012844199,1628991415,1629599419
146806399729281,579083723129737,1658499640,1659083269
306223048333288,122814392437759,1647467896,1648039597
787526143841785,486827636615779,1614680217,1615315845
617607078318277,672293579994745,1612979701,1613551813
144185403985488,241526632512155,1661932305,1662549881
359515790111964,532955051725761,1652190389,1652771910
227686719493697,199113101807778,1642772362,1643312940
734226738886366,827967452063451,1654305085,1654883229
214102943106170,187286402941640,1637451195,1638008195
856737490902117,123662532613103,1642600524,1643209692
815506807581103,830182966398754,1637355227,1638001665
721432831009833,489325171046428,1657370659,1657971832
772385711638166,888211371928589,1629433258,1629991317
198543055695116,365770290599205,1643637325,1644169912
230051430807443,396435097662849,1629457774,1630025802
808014106462329,486149455580313,1637391571,1637986380
828541327002882,390735397283179,1625676580,1626269370
358405473214891,278915039003668,1631597231,1632255187
618103654888451,332252486910977,1645603284,1646160184
752289613432491,311238512973383,1612697006,1613249017
370820194218843,613193382770916,1609985532,1610593672
432845351980425,123777394612307,1628768371,1629361275
927890495601201,423153377721668,1645317418,1645931566
136912921263455,750185535675207,1615477742,1616060172
778492985054368,996950426622752,1632106019,1632741704
690112528431210,378062587366932,1635951211,1636533433
482374970321611,470049747385265,1619570697,1620222478
762775328613816,170210735875166,1646313136,1646880712
474287284760929,819674087841099,1641873515,1642421426
956721467791925,361111274444414,1651332817,1651932080
401516398902365,604130791583086,1628147837,1628747324
558028096030771,261592704102982,1639963535,1640637750
952669014605550,130697830798893,1634236067,1634796717
606259961277257,303730012376308,1616538426,1617122383
319869912174496,583246110759573,1641915973,1642505171
910798842066344,564985879569320,1641450953,1642050093
447259271317964,575318627383223,1653197368,1653884205
259746518774776,829848536309607,1647315381,1647930548
860731660456657,681133006116289,1644702459,1645349334
351095793726113,519276444520724,1662072367,1662608443
555758830727437,613771036771865,1655541553,1656158050
474915618605271,303269326239287,1629583562,1630169780
378864387869488,578005999403769,1629540602,1630132884
917971602643805,114061690319827,1637687745,1638270378
708944294626294,314878268688287,1639039396,1639677782
129469085482239,701080517363228,1637556786,1638151737
275719835832311,776360884812187,1620216755,1620829505
234649471664775,124889303811385,1635809597,1636421385
429842273045739,209016105827475,1615208172,1615783912
377128093459444,525206047608602,1622355841,1622926510
975196504817116,489654619914711,1641872063,1642487603
477405796348464,408859643509422,1610161458,1610772365
305810444085070,159979917841085,1611679243,1612300264
938324804278291,714838180270816,1647703578,1648320563
528965165831760,293771077835200,1621535879,1622120623
289601522300289,510932338851110,1645179282,1645760017
693650504809915,253992813131506,1612531033,1613131417
610709958446374,503916089835383,1625840122,1626416726
463029028789227,414956244532239,1636663310,1637291200
746973149493219,527988492540103,1627684264,1628305093
730585396791520,137883675549736,1647731812,1648306787
262900053076501,512556974110311,1659975911,1660606411
801433027947837,566374407448348,1631191775,1631769511
268510518541332,852546067341206,1650383970,1650953615
830281407486959,188314342286468,1656773553,1657397573
124952262723496,639062077647442,1662094139,1662701969
272072950378249,543887825200474,1615834911,1616478581
200063115267387,389586749710487,1659754574,1660360720
591580873276207,680995420381907,1621056440,1621697042
519819457659638,641077888569275,1616649688,1617235764
899731066143396,240620450474015,1648291193,1648892913
383269653009715,674226196078553,1661198332,1661844008
910342160608277,907834860910446,1629233994,1629869741
506987590691989,501642134965204,1628162241,1628767998
752837793931637,283889527037822,1660297539,1660898258
304108228280998,640911856315115,1632361875,1632934973
113596903726886,960346638864718,1630174196,1630764100
989814116620812,219904421325586,1643700660,1644290344
446954955304054,949994900629665,1634348761,1634983677
919038738004673,198165708535460,1620352501,1620973733
265606059835646,925522517719826,1636586514,1637202299
748406489980717,297814984052334,1637319548,1637879866
783487085956104,904756303278331,1635572678,1636162659
266696766926428,587067291384321,1644175544,1644775859
562731756937980,543720309756540,1630564228,1631160955
110379227444470,219640120130497,1647016920,1647648654
961373372746388,997867509578286,1662888141,1663492519
262372558226060,699081680734611,1624276401,1624846776
428970869027191,878816396050445,1619515405,1620157845
283667842102018,250282134175222,1655413195,1656013700
929237532027119,198910566675744,1620122989,1620714427
958416531880551,110463468102270,1635948029,1636612241
668588065735121,667757919748142,1647570815,1648160337
395159083015213,287910994193590,1617396677,1618021753
174103905526648,354774965621890,1641348047,1641968843
299602605831385,193401973282924,1656231746,1656842192
789069254630051,364839853807250,1615060952,1615638525
200362497378100,479114943565161,1627850332,1628463402
126331505213401,899078084977239,1621039715,1621652924
798159057940215,456278241851848,1651365786,1651980752
855551873899996,564307667542331,1613990942,1614612315
485844222321146,963016937836707,1619125730,1619760622
413522079205692,522021519818142,1619556888,1620160638
548118575306651,517575728378471,1633004387,1633623583
351508800160083,689725200287177,1617397454,1618018695
951066157879846,846260572244952,1609713099,1610318760
913748061818313,411120973361253,1611019856,1611572021
547935781883998,178548606408359,1619990925,1620622211
841581399199325,502153191156226,1638918945,1639525303
804346650283868,671794906924579,1651160161,1651753749
845932651304019,998196577549803,1659380473,1659960672
459679360665125,237684042920152,1649889952,1650515475
883565871832394,164999626900987,1618733436,1619359497
387238863760595,897197637471481,1614164813,1614721573
735981552207082,825102565593321,1625743549,1626393042
530631689016836,556157788098693,1640223161,1640815609
142829991310080,498408779832085,1623596749,1624216507
171943142783960,942004501194741,1637433509,1638047980
773048669318290,723993186199579,1651449936,1652074580
852806455550873,151964922344945,1630254383,1630871255
247021389711704,750170906002218,1649888887,1650480643
697626000972124,204229443107655,1623871655,1624439835
246430548933895,522681322553046,1611691452,1612276185
425489161955559,756286422135025,1634400069,1635028889
303969623058608,712166570372530,1611403267,1611955151
838959456199333,500258345061640,1661368999,1661962476
207223032842514,847264741283465,1647286913,1647896552
887143928346877,441957538096660,1612127366,1612759056
683321962208638,149832736886304,1625163099,1625786774
113308455797494,288040690164062,1638503220,1639133965
750464910726698,693856106801037,1618346372,1618932617
320857361937882,461697323580002,1645178968,1645801548
132318065599822,812643440043306,1623955019,1624562390
689308898435047,303098101008303,1641039359,1641659369
938203280464886,510262438782630,1655978362,1656567859
751068109785893,720379886702148,1646119979,1646750624
178827421459896,642070657203519,1650991408,1651575607
290763027978657,115839162811534,1653596260,1654187926
818547580385235,551816341921706,1628047021,1628664191
768572004473609,202903190789573,1639644011,1640252750
379210357867160,741498769492128,1654469663,1655058780
381518404003148,395340965788947,1646397892,1647035960
305476449019112,701714728647217,1620106759,1620694566
907619080745536,950326738352770,1658424382,1659051046
773976306470035,341642920661986,1658123264,1658710555
637913955928307,692544557822844,1645063133,1645618105
538906077223289,198628390710641,1654713591,1655304908
834613335181060,811377302286546,1636513818,1637083583
977436242017693,430757068317408,1642114964,1642710771
291086727284598,640896618320493,1621936431,1622523749
212355611053917,437105824347299,1657794657,1658399968
818666273925244,896804101159568,1652074300,1652712724
433654238464087,784950219239416,1640780751,1641378058
249473611078819,247974481337894,1640339417,1640953337
156509099761751,310983566411490,1659076273,1659679042
563524011794777,973718881838245,1657282047,1657902153
413544095234700,774845850379026,1657565158,1658119036
883102978042883,299049225593726,1659017244,1659593243
201783693753173,417330301697391,1632014846,1632585445
766585982984517,823364856516490,1624257708,1624887285
971644343729625,238890621459958,1635065588,1635706714
667119675231642,754127003908767,1626911016,1627522345
273047926422373,584497474598169,1655044307,1655655286
370423309273385,621026232643220,1655930262,1656556064
736642972705158,503228552811811,1644771144,1645351815
491843698685888,291123789228498,1639143159,1639753410
773161584233760,170632425295032,1615994597,1616569805
351557163384576,790239932160213,1624200093,1624808318
455135781817750,996328808509400,1629650155,1630217316
276102474066945,964949621966251,1630072496,1630670753
787985728286192,390021450354001,1634275488,1634878509
823672444566994,378099380492097,1658831917,1659468030
918295070678647,192722611921458,1627185528,1627808910
387234653199729,654788074130084,1616153471,1616784461
612956296910842,808713068977161,1638007406,1638613013
759513541858661,809633266776685,1618928965,1619548963
153306571436623,696099629096924,1638912398,1639494164
922021206503741,252007834714696,1621670870,1622267371
563376366462030,398509671099622,1661228611,1661822050
408083360143894,176722154027464,1659997385,1660589659
971610143275437,231052379839556,1617615755,1618265871
113555799550100,545675609426402,1655050344,1655615586
210263845209365,559904811386852,1660237035,1660903951
386106337919881,769997604122753,1628823883,1629426143
668377028429554,986917948180686,1659329455,1659933773
744052290495988,773158842751751,1640225927,1640838968
871119707631825,718854000532046,1636542795,1637139467
354308695254704,199370239586829,1623950006,1624543233
158344648646275,507498313183483,1656259811,1656847242
628900276888564,842232020706099,1612704697,1613288938
554461702464617,445803252058389,1638021653,1638653942
743473706670689,364204282537584,1646378500,1646951119
157790909064921,589034991271092,1614923148,1615546828
536722332004839,222615873892064,1647126935,1647723823
273575230105162,985790609009918,1612516010,1613108151
969154369916598,286560059479826,1619323090,1619904692
412526527197674,389920761306997,1634984251,1635641957
470941833438986,175722588796216,1655472894,1656046132
859892810908113,488814939983604,1653275030,1653900871
737051397511632,360655333728700,1628421335,1629012116
828991185464035,615938261254181,1609970055,1610556936
320221781044098,795162124373288,1653858833,1654478760
579870257434970,280044645920625,1617686299,1618367168
909833364225536,736719985140302,1636071189,1636743118
911930473607816,747833247553542,1619553555,1620132525
713583240154163,989733700914197,1644592414,1645220029
370835549405360,691110553582563,1643353604,1643914303
260990194858720,367236192413333,1647384541,1647983589
399647769375582,360428321462554,1643146808,1643782374
588665732402316,743549238429694,1652698919,1653294460
579239024531736,238424389425378,1643894801,1644457055
635141954729706,505170784260351,1614536669,1615142832
185150052022121,899555779491694,1621034999,1621666774
938531662170071,784199735150476,1643750243,1644343469
324208156617986,287221995914637,1618987013,1619556917
334385641769497,867485193180358,1632572634,1633222586
631715273992389,271389117789104,1609844062,1610450110
491513907649890,143019136461017,1641115291,1641790643
135471950220379,246544364579973,1650170324,1650758270
230519094284578,872686277627255,1639907634,1640462168
166545465736067,500197107788648,1628757428,1629378962
673154331761598,458756047209878,1660666411,1661244385
583826395075608,531459348935642,1633980260,1634561761
204041022624824,882625220191702,1645101221,1645684898
246029830635080,927923399869148,1625971441,1626621319
869894643611060,162633101997841,1647038688,1647626118
509427159891206,169476284424533,1614616703,1615216810
348328350618894,874851035020002,1625774456,1626442747
299837953575733,394450684712376,1618713758,1619311956
214055788281596,196370049094488,1624314064,1624905021
587145839420341,181333359948678,1632335097,1632926005
691080485345155,175314538055833,1619599100,1620188547
177258378359452,223571103672710,1615066404,1615676444
706196405956627,858579395698297,1614684164,1615261392
271726330819379,756529995863055,1620929359,1621535885
591476234148514,666612032226105,1629730657,1630313743
634710069325696,381751140310362,1649506631,1650103684
356881048488023,770355585059978,1644792428,1645413248
139594635836936,965717744954011,1633674776,1634250924
338894741463451,569039153970680,1613747531,1614377739
448574864478282,726950158230697,1622312471,1622930113
342126925990986,206810139652739,1628464291,1629025317
116873449981398,986443012782761,1640417018,1641045346
210764577606388,112796525811113,1642544673,1643130589
466633508031552,819648443704533,1612177999,1612752973
587103954920169,522589953969205,1612386909,1612984401
795881466954188,153315848373964,1649552784,1650191113
319850847677518,257660424091960,1616379702,1616963412
332170067713626,273970871395464,1651481387,1652120560
829274518910062,865409213429704,1626216072,1626836581
313880340126812,412790518106649,1653514384,1654128302
621750492814513,327004483159726,1616955968,1617581908
751648920053300,533987497541682,1660368239,1660952295
406477809676625,285633651938042,1630523133,1631132521
468126660146404,561376156906802,1634354603,1635010319
396982706987243,156832921464678,1644207657,1644819086
694680454887532,933303728696006,1649139763,1649767369
904137156430783,922001269807044,1661115776,1661741480
972125206007700,981435862423567,1623244327,1623825157
322052134044300,117182893382948,1655980819,1656564502
913325928912285,125772705590775,1642311587,1642941535
790741024290681,817252742721723,1640767054,1641325564
925864591987843,820532388458474,1640096590,1640645541
963231446949084,560887158546203,1618837983,1619456873
776109766054337,648541153072020,1618885597,1619535608
808942040801553,323867230720558,1649298139,1649918693
231670089495695,652810659316394,1613038733,1613616995
428361842158118,250355430882591,1622795230,1623420032
535733088942018,802801468625221,1633503861,1634119020
617971647613445,342860624593773,1643830562,1644478089
470432620257743,877708438437130,1661838205,1662522086
529611169454795,308806972934505,1609663763,1610275024
173511146382583,836242930717204,1659171256,1659817074
644776954754877,844553591839094,1634005104,1634589497
384251812418820,537836574408858,1661742951,1662374380
361523691158666,421478464555954,1661788276,1662423682
572873582148846,562245478035938,1641670824,1642245283
538410298076239,711150982710613,1646708481,1647343426
979596471949254,718090494595099,1639236114,1639775448
188961973371957,894162309920146,1643170884,1643774643
522312685817293,154147375508548,1662632938,1663273016
692217968920613,606140227106438,1613328825,1613891233
796929579316772,641482110368265,1631331403,1631961760
216910620828132,639530787598418,1623038674,1623648204
121603543466571,476830003380554,1653111983,1653718842
131365572101730,593246554898273,1653151298,1653766659
132835226546422,504140975893539,1662241598,1662786449
994684345537442,352183590893974,1612318668,1612892797
319053430178684,830434802825619,1642461432,1643063234
961710235278861,795769725815129,1617859486,1618492958
689295605179087,260287852810910,1618294946,1618873789
666003889532763,908568145795626,1614886987,1615523235
849312620436730,691153870251128,1660712515,1661303788
264592851851295,327391652416319,1611558865,1612164018
348320512309831,489920497057614,1639302960,1639852187
293367096727101,492587868077745,1651278380,1651876237
286094809476016,775935709438197,1613367294,1613950918
616738199338554,982911610373378,1650908385,1651481327
834382793159555,525782088301402,1661982544,1662598462
942512226957415,686657700822394,1639593587,1640232098
754423776232334,477045679552074,1656264678,1656856981
688117426593278,129805288147239,1654504330,1655063832
561632233704763,705945867843008,1634655975,1635288533
501137159296638,373521890280239,1624999532,1625554387
380209629345644,323089999308390,1630488623,1631128404
421682857247127,450443221153461,1621464134,1622070056
169577988028310,997571282791776,1655491304,1656078989
814947501309143,287782128487608,1648593302,1649171875
265818753284608,481789535671337,1628803113,1629413709
899126321456109,453643412335200,1629465526,1630093366
645904395725680,149115652341040,1621105128,1621733766
856885285316349,788272075764372,1629028116,1629731984
211809268733187,568006586297797,1619068839,1619680667
881145782828154,934790303375995,1634909554,1635548365
727713487734470,373923117518870,1654202936,1654797849
151948942734224,418098209007131,1626511785,1627096907
141692264621166,984138698628103,1659686637,1660248017
569544211206969,813768285131824,1651845472,1652449438
168484014664516,816624182779441,1612706175,1613280013
639334324021856,569924102844251,1657057336,1657629802
867004843704214,388371577475638,1635715265,1636362063
690180671143644,587725589031433,1630293143,1630904694
362499033309989,230536315754079,1634666033,1635304238
422786208419648,451840823628303,1658727436,1659328742
246979487629970,292521720125018,1628707435,1629314137
586075646351053,477762179137425,1610734473,1611293904
713164422759043,582194801382567,1624527289,1625134505
301435632347416,932160361776021,1650642092,1651233797
624674351034018,795012174788085,1646867477,1647484351
108289176469958,512359412049940,1660464789,1661067412
923633319035949,266204747899084,1616075034,1616707982
286702660486730,166691424848581,1610046775,1610631470
449409726981685,720079309097015,1622575747,1623238153
248059057484161,387963690292935,1626542884,1627125981
324464199991760,804782969620137,1628938599,1629515722
507436441562217,604908058283552,1610504267,1611103357
837309986215498,559403548768947,1654794287,1655387122
285328726635922,880432068615471,1650559299,1651148253
190233482325547,414473088693386,1640188328,1640815233
991279082460517,578494968273467,1648009219,1648602248
854882734267843,427714948710615,1614097242,1614778450
621965395687554,701489878695908,1654797228,1655378775
219523137422291,904396018685774,1623100620,1623790531
172143739313535,239416553556661,1615109566,1615745623
726497696146499,737405507512745,1641516929,1642132618
709799960153774,819909655847060,1642116096,1642688178
439556616386842,628480036656485,1642473712,1643041697
372985902026437,264415847994739,1648792654,1649386484
944296254985286,710315199732927,1657752072,1658378103
415566619443691,559945259977361,1653818699,1654416833
463444433919952,189144949472683,1658085821,1658706371
904352513621301,530068472261358,1623477478,1624083724
559272518715436,566035110485351,1633429956,1634051274
794078226028477,311077736226741,1641872729,1642464258
335887631910879,149138435761673,1641677742,1642276886
722493561363590,741468724781354,1619113446,1619682924
871006056333491,362892016453108,1617539680,1618136779
524213312623309,479643346247276,1621500683,1622093220
851657231679076,824829181538150,1631095631,1631673670
927874818702093,688982379353584,1631136628,1631748066
406101374184971,147555241608542,1642922859,1643514436
247439144378490,794644597534650,1634116128,1634657253
521252746874747,560176049721074,1632666433,1633302623
729977252996333,355976772114518,1660889688,1661503078
771010927455401,290407441622367,1639052118,1639606518
708530893271657,207437241089896,1612982990,1613620478
203526229204647,523395431374933,1655207787,1655767035
453879665436061,903206266008237,1647083743,1647700437
353443978800304,814513560055587,1652659435,1653287270
553536290204646,634738528159913,1649483376,1650112217
120267614248606,657267681892885,1645919831,1646500136
388133100476740,696210377936377,1621074837,1621672465
254108420050834,910831461314085,1624249891,1624899768
268208023275927,324735960630160,1649716729,1650275445
223035962501060,633125143122116,1640358181,1640926414
980225823000379,166988883361000,1662964561,1663581927
553656213470132,146021036320646,1651205784,1651789555
163338082636038,974630563961563,1629148466,1629754215
824767345211034,479660579600301,1614169781,1614833763
207372204449776,340198338432257,1616236325,1616881387
516850475637834,815617922527146,1620368106,1620920464
215721639806883,516592045372742,1632176026,1632762387
577859405341583,341781594944148,1633957744,1634549676
886507165732733,205584051254942,1654978647,1655556165
498904949207123,327101003621081,1634207957,1634791752
178927647658551,578553951943702,1630859420,1631396754
400113510256518,877282647380724,1648929908,1649515665
755806686181535,816323788569244,1634814237,1635430647
899477758176763,875964727917482,1641083395,1641653386
338807558530047,604868658711564,1639926967,1640498842
723938680392708,342230949875606,1632043935,1632690107
448266691880415,922257903653862,1657947726,1658575890
820453473690824,634799479141296,1623747894,1624370341
798237596226313,635923873785817,1622041722,1622633817
394904387395903,380441156874498,1622003522,1622610753
733037019902022,945407378639333,1636954901,1637593827
496638650104088,222169266069451,1630056363,1630690677
415409688971610,249122820533053,1648054831,1648648750
108066859085196,627247793343207,1610742517,1611384414
233826577873069,540561569726737,1619792757,1620423322
256559555670719,881448619650672,1615810632,1616417513
888415464345702,450759268577732,1636875085,1637436014
946609431672871,708040221695712,1625611003,1626244992
325101758414826,670510754287267,1653651123,1654224562
395195994462787,609035450211899,1655933421,1656556126
181950998305558,267619108186223,1651650450,1652248739
226231925627471,924317322348634,1654064079,1654786216
772214248240427,683930776163165,1614314180,1614916252
794033292790330,903811656613197,1642247131,1642827721
632638569604661,350895661725193,1651869296,1652473002
276156544874509,572935937229962,1643986821,1644595454
240773801579920,917454052941125,1643383416,1643974250
826235161200625,292889116405253,1644449781,1645012491
791354272654915,111340687497824,1646120907,1646696657
556506715105815,514886642130649,1645011752,1645632726
127389629287400,599998690670758,1617398269,1617945163
615162995115820,141047661089600,1622185679,1622767503
356611954898595,200599594246812,1659751555,1660335650
411176696692643,789380013354941,1639522467,1640072686
650815101383470,848200895263498,1613493798,1614136642
760591806500247,612912405448885,1654519849,1655142310
214676350489105,143106638548823,1645085212,1645697413
648119748979077,605736442351807,1646346744,1646947881
553017501141856,634784815720140,1654997203,1655587723
739275697182801,394432941382336,1638672167,1639280883
786904510088517,437858339535368,1633748426,1634316035
162134242867403,299409639423119,1624851488,1625412262
378039419268674,978195607297851,1629080364,1629682292
552773762824311,971098553680011,1625164373,1625768811
138354387369019,493815293492599,1657175119,1657784413
665105933783928,861474487262642,1640883670,1641500074
127876796079491,348656352428611,1662237326,1662885625
433916522543818,993789876180431,1641421559,1641996523
706122642103369,995007545924034,1631937238,1632567117
307274057158967,956312889732643,1629177451,1629759743
800921350718870,598078737899869,1651732497,1652334303
871956491487491,267156965462317,1646283830,1646880567
597267183231912,746233026912620,1640604455,1641243155
707601145161132,402004968375721,1628683842,1629337536
979106796981240,555821185264429,1622683328,1623303290
629789820037985,258023196283597,1636546202,1637184558
405665260590974,791409625982949,1629086516,1629691418
500558768255975,303602019131863,1626138137,1626726914
177719730295414,933703401849986,1646417875,1646977700
482448491747739,995564573685299,1632714773,1633322597
225270614708498,282681709540435,1633839507,1634457268
346153440329410,659972869838561,1618903520,1619441949
667938463013993,800815390520981,1641134041,1641775751
633614676589333,638990266637251,1650041572,1650637495
702688273247815,316301346103099,1628411761,1629004002
915873376154224,288883726759166,1621748498,1622385539
739093574711949,136827844222986,1622717032,1623293254
937554206615348,473851881290509,1648437972,1649061919
104551705216961,984161665926282,1634574655,1635220679
236893748591705,785461638680177,1648690493,1649350235
421213567466823,120191635716182,1610307089,1610930203
598467355934879,734772332341560,1627855507,1628435929
240816164918766,958169516750683,1637855153,1638425687
300852383609718,270666461498689,1617161136,1617793625
202339073003429,874441377487720,1633490332,1634064516
243271885413343,156049498951206,1618844086,1619495915
979054020209215,918523572041685,1614760438,1615379543
260168989816501,666822932466809,1618500249,1619126929
394287417131311,993648999585316,1662688730,1663279532
973046194093815,353993976699062,1613636498,1614259780
617870637902019,473996271568273,1653137447,1653772866
167104034698179,323319096889720,1659253424,1659886028
833231893706396,837594880967969,1641300976,1641923756
402884114728996,882518011598092,1635119342,1635655840
545487817167747,859689373788525,1636376684,1636985881
397779261465246,817026233008654,1625604430,1626216469
551969257278720,777870444487751,1651571142,1652164680
605680754725847,474028302390974,1615754780,1616380179
981129305348436,134635500562174,1639727518,1640320242
411868354914019,358893336213596,1649537838,1650165160
908929938927974,229974088039143,1633151140,1633748574
447458207757562,654031035448069,1611237173,1611847229
212047833315221,657919861316676,1657559928,1658145604
310419155944438,775516859275357,1646129882,1646716126
466124586991040,163161562713395,1630469178,1631091407
188493885044426,891071134955163,1651901979,1652424998
369144201351850,533224997192118,1618205419,1618873503
536332950614967,817100670727473,1627615695,1628271378
644836696751088,698426133163947,1643248374,1643843680
266373162184991,481946644901748,1612989973,1613604749
263956676904060,654493715821200,1659937838,1660503999
165700104980318,536013497595786,1615889649,1616435183
182751371995600,308511245799869,1619913778,1620505694
718339800332259,232781151407986,1644635309,1645256869
148850174359320,322147032386263,1627661990,1628266157
871211460560107,944380384494659,1646409320,1647029838
855496492531773,566066421303972,1639753837,1640363677
698613426254786,273166607988703,1623906082,1624450504
439584922880381,770717529996229,1660940875,1661525630
126521743935995,812499993533909,1615080786,1615717945
917181856751494,913078943778526,1657990044,1658571619
750819969309549,462019016389840,1625339821,1626024054
604294738363079,403943647296142,1623207249,1623830568
387093292292904,701162412430377,1614561115,1615120101
995187186303998,546552036243343,1653239398,1653858313
380001950778067,844968384076269,1661846687,1662472543
969891558509991,788570481532874,1658130097,1658761105
523177463075004,144122473569548,1635463951,1636064422
234705610612567,880051316345510,1660901395,1661532013
744049672398535,307078335372460,1659920881,1660504778
138169827354061,569371864999192,1652933295,1653536626
418755384888635,603974843441497,1613225124,1613779055
238077942638755,253007932666095,1615679593,1616236379
237715390079732,779779946903235,1615663771,1616292064
924508771244959,793909151017561,1630367932,1630955886
342235257967526,879988991776674,1645257779,1645805877
228628056008142,192260817647259,1612918223,1613538104
365807818318170,192034881150428,1660616401,1661214018
395207312627146,722560566202785,1661174029,1661772684
872951090308084,423403699562788,1611452702,1612042726
405443764521873,140540296586802,1660155482,1660755189
277639891245792,844934425297254,1658768220,1659379139
713039530607423,927339301161840,1659260842,1659875381
174693727583959,228959714749292,1621639399,1622226699
928167159535134,372225156586428,1640794651,1641422380
283734710840554,180201116022380,1618104702,1618764989
220676861438046,406789544105470,1648722230,1649292776
436108617899180,446162141684736,1625365281,1625993472
429708807269439,880752460595916,1624739012,1625380626
694146373697746,364307261245205,1625735498,1626402313
356858746294060,577101590979513,1660195300,1660854350
285481821928657,389116840605651,1621135612,1621719893
266082728918101,546297994991113,1620407433,1620981253
163015671345518,837780834843715,1615037651,1615615780
229099788928086,708127081772045,1619014046,1619648317
846148547913715,875484193235877,1649057265,1649692089
536458306664056,862919404293159,1631719090,1632280649
804783465000104,435066997938504,1609846365,1610441058
991840747769246,782608757808808,1647169750,1647785050
902189203770699,785222355663045,1661956703,1662584922
142572483481968,722440437884646,1658813625,1659416992
439182323937870,191650000272748,1613595535,1614159791
406861740930867,136279387032252,1650090647,1650690603
670404267153640,982891932125328,1609962279,1610597063
800420603352776,125951433074383,1649501338,1650072182
771388396384032,874075584511972,1661845228,1662438341
604057696620671,564811255633815,1629556598,1630122574
867416813571554,702611101563446,1633170945,1633779942
394630826110198,929116111578031,1657616523,1658216112
211857511566260,818706554287035,1635972726,1636578589
551954105017916,162477358388932,1618366956,1618927856
302334780921009,951849270081159,1653819181,1654370880
593756233598220,702830583006380,1613391808,1613993391
806741439489789,935445961420540,1652098923,1652678285
907415852609410,846505581680500,1623127755,1623696585
801326318867998,400356576277784,1660308952,1660927672
705713871855261,338604774621313,1659525085,1660108190
616422441717246,452174290544430,1636584133,1637215565
495412706100338,326812392756162,1639008222,1639610521
764748477352380,456347167478055,1613736425,1614325429
956149037866785,220772143731419,1639324335,1639902396
780290733174868,402814759443934,1644544195,1645174793
567991758844230,969822635126207,1636676874,1637279750
276778881877054,499107130879886,1660561394,1661115306
134651945315587,189587140385146,1655979391,1656597569
937666174193951,291755895787563,1615136656,1615737074
808603108672489,953559557718461,1610586696,1611150205
179706869558700,928185903236785,1620362817,1620992308
257372441217971,550573398381937,1656325021,1656886491
220869915268396,954875239742673,1625872585,1626479364
367793877032752,787414149659469,1642193518,1642757384
180216942140552,184444894855140,1626192667,1626808881
939563608115148,353951186821884,1649738040,1650341012
533144141936837,987864440064303,1639830926,1640411493
112369362029547,450815687847177,1657585520,1658235207
611901043312543,489433805691340,1623460886,1624076249
488690985407214,409561580631296,1611990157,1612618579
805430140476185,668954149537045,1660680722,1661255555
961082117430211,506873120980770,1617892498,1618504414
955019905417313,845558966829066,1640476610,1641095809
594104048663859,771705617913478,1628513219,1629085103
548856955449238,932935518318425,1660934420,1661558293
793003001838836,483630315350969,1630602514,1631184456
787636301628611,989598963333685,1626889923,1627501029
444994214581218,792566835173086,1642488045,1643137252
625161207797897,930282577185051,1641904792,1642435861
619332271595073,914044432316956,1615856424,1616401391
786640266686953,648650381176690,1617541403,1618185374
146706473061840,485428498160611,1611277911,1611902542
670341420356645,849722063605493,1648528468,1649127658
822876170813914,780630489316799,1655674963,1656301843
329632741975104,389280646942398,1662804780,1663438230
592068214818796,610320817044877,1662989085,1663608552
778766322176408,921021888671951,1654963737,1655547801
594409404752732,195229324426119,1609679826,1610285043
305858428089574,219916441906279,1630944638,1631524409
416367873049899,340507145989029,1653429938,1654058896
164144938172036,526599466144549,1659817148,1660381062
899518105565631,339792428553194,1612698125,1613285268
550336749832785,161553896523812,1639118319,1639700113
531533960893363,485963032874299,1634617325,1635245059
768897569140261,310342384147197,1643962974,1644625268
795028142272102,920985296089207,1622040086,1622582783
187570654855875,586433936704492,1648015871,1648640139
896931095412204,554636111665830,1655557384,1656137494
156993336523136,873581013144324,1609578012,1610170700
173530975736946,876950858581971,1621895531,1622561881
142154893950437,884660473123932,1662181812,1662779156
916063566469111,745357939012435,1618119348,1618757249
357095549084787,951794455277364,1662788605,1663373735
365979763715823,106500728554417,1655712013,1656354363
860335074006834,374385646289246,1656085325,1656684506
524219317060569,928084203104339,1644827308,1645415993
504607203521466,344045972569408,1646542471,1647142982
227436111323061,403502616835135,1634302529,1634845114
215524919219507,707910060644474,1616723287,1617294784
602291006471972,631199806647326,1652747446,1653355758
347658601119596,712534919845054,1618180218,1618752102
818246089815535,697055686987601,1634608076,1635242535
992825577845464,621408113233089,1639496705,1640091436
877202685535695,664905389355215,1631786737,1632382201
846970901870686,123597363226750,1649223977,1649827526
959531325612180,889573009456137,1629453695,1630016559
907837598307934,768861178833959,1624804111,1625408718
477073282455070,625332287816336,1616429693,1617017290
340609777092542,796217903813366,1611989989,1612533877
163248025523162,364195307562540,1648968627,1649567731
369488074559394,788848855396550,1651397163,1651983817
451363804735589,557183960353180,1634969768,1635602368
194623925888899,904001189893775,1619163758,1619745910
849184995753745,296060216260886,1661014840,1661606145
764599368659715,337749584622036,1649829315,1650428173
862164062078531,137914253034146,1625011767,1625606710
526716135519507,352197203046080,1609868004,1610496606
856057340439037,687345359154159,1614432209,1615032164
120231870353930,300818934204043,1645759461,1646344080
166389560249719,147525042497537,1654208508,1654792746
825817219423881,513031716907542,1609951318,1610574029
853876398127035,662841253903744,1631214011,1631818595
630189160011761,890087225274119,1657670030,1658330297
306708107346488,254870738248241,1654703171,1655297389
598141627458368,260941734271000,1614436701,1615075599
162616580077763,117810007002131,1628463443,1629085103
733255862365922,773454495200595,1662247303,1662831716
263448405497993,482370149476764,1654125322,1654733832
948223244908612,427317431883032,1658075465,1658658546
279111152130960,495439677387991,1648970429,1649543512
993688783167322,559456451486335,1618937187,1619555810
613908511972471,256024953715940,1641877129,1642414368
125045589788618,130247586159133,1612361537,1612964343
211026028979784,205136539172831,1642708485,1643312052
195075049401176,273818277080363,1638812679,1639426883
737612945150626,851499791540929,1633766058,1634359521
739599628744711,681989739421627,1612688575,1613310509
638263136558984,618701393858184,1659499535,1660088920
723367720810347,558247108304833,1611171518,1611784317
928720582499554,328011321262852,1615495692,1616123287
990706697015278,447505714215230,1616284064,1616923602
222129083651800,352318249315447,1644489530,1645090143
134840052613166,767571709232073,1652275171,1652878253
187976548933704,825987333556397,1646839515,1647483972
891690835428271,300520289425868,1619237476,1619848586
845010832134693,748921396849862,1629786777,1630371350
752676181199364,910729267175071,1656995884,1657658555
281571890678872,737255091947956,1652166383,1652762586
420389414745296,161102837761628,1650703198,1651307964
691368157015742,403374988572901,1650017276,1650657533
247002170325025,986416185557162,1652826833,1653439669
923381209778129,967233932020139,1610503565,1611122270
946493778338007,393202623860298,1628200934,1628788615
911729530624467,875135542929606,1654757795,1655374787
299389146376857,197774431053036,1641687414,1642304219
434207439566309,685499883544396,1640245949,1640842754
531702319670263,316296302104950,1632227150,1632868206
816323147609586,438900224623211,1643718879,1644358664
576822680266260,351388495557419,1640866648,1641434199
584249791345965,842230712297682,1654835086,1655417200
707355916477005,273572074634905,1644714594,1645294737
992360394783948,328292271695418,1618238418,1618831949
384167708967060,256723862125717,1633485782,1634077750
314507185719137,780392106623497,1610434339,1611044150
762762795437773,712782904566518,1662135441,1662720249
835982040497466,890313566864336,1618943425,1619532577
137853827590920,211914799829128,1661849174,1662441871
190407511011064,848582205332910,1659979170,1660606041
618069272391699,117894301994948,1658996813,1659619714
394937971300230,523976870800805,1638495630,1639104501
774201173723601,564276407888496,1643184196,1643811497
773024688841434,489288075647789,1646114130,1646737175
697339281206271,569442553673286,1637312127,1637965023
502393049262784,589838426004278,1655660194,1656265329
148912324044156,975378962664078,1642399623,1642934332
440842361750208,312635547720410,1652218403,1652791684
328964976179986,819686616061703,1627430919,1627969524
892230998681283,770997480017479,1611951861,1612527152
746465594183464,829051593800161,1643344262,1643924570
748031672553208,842757985369731,1650163049,1650758243
999375201928164,246034101054596,1647960020,1648623261
374399990486031,457801138979564,1651288115,1651873807
573094897368246,328834391899721,1619644108,1620242972
431366509515004,298788951998288,1619059571,1619685039
189071844069635,677108169523414,1652682479,1653249990
151994363883543,775239746396646,1643549759,1644152775
653113676290780,168716918246528,1627234193,1627847742
444816567838028,116547956089634,1636479369,1637100497
848056668423382,876920892065364,1646687747,1647276242
751107604109457,313580499332331,1634949105,1635552359
521989326764340,317746640205692,1615957028,1616576801
303673848630282,740035756295000,1651471685,1652070196
593149260057590,234036846217211,1639280294,1639920371
670225140076025,750233434627937,1627555682,1628144185
463996032569967,812917625423202,1613096926,1613742663
434327668780980,111425643742122,1636935643,1637526962
607616330254184,271834269469874,1647833367,1648467136
665530227233813,727584863342096,1651032354,1651641653
205970756964483,569885187525558,1614848319,1615395078
639226925940866,964666917019367,1653587974,1654198037
974307863121337,309068182084569,1636966643,1637622657
368523688123169,850265489499965,1644522485,1645125009
215008944504706,894439277687669,1647732369,1648345790
611808153046438,654968742619558,1622566060,1623218785
883620845798083,552049087856546,1616607371,1617200785
925763730889878,501662039863119,1640665894,1641307450
827552172439747,655680168143719,1618696161,1619294460
342171457340716,114613331565446,1618775810,1619358738
740429636358428,284853656618357,1625867029,1626455045
507291983859226,303745233669353,1625700810,1626322318
752046198204478,768042651336122,1635275746,1635907295
663628142516904,954001191209304,1639706115,1640329107
847642577334365,675036985541656,1646598946,1647173960
709779123809556,868407429525198,1615052284,1615668798
503614708817436,121373109381449,1652192487,1652782855
854113590126619,178613532119957,1659653755,1660236573
115778743302924,967727581696218,1662925303,1663527399
167854142403852,268771986308504,1627788165,1628385671
723356098280976,970563717452584,1633915899,1634502282
682108428780546,598304005192040,1640031463,1640653169
758801137202355,711367286526179,1620779595,1621416287
466588324544652,386630316032079,1625520199,1626086137
249885105233245,313788464722317,1654802449,1655411534
148670886291088,185087377853162,1619327668,1619929440
151030605067787,225421390644083,1637423569,1638070134
486575738320874,658540853342617,1632159948,1632759913
790967428043511,245354753430928,1654312042,1654927603
898189359086842,563540459092081,1640349236,1640943839
486719020031688,126025347382163,1655311073,1655951715
161252705191287,339204690765251,1654687610,1655277626
791058580103861,461123626801888,1644907387,1645534960
652522668947941,837804676276160,1638642842,1639235908
167350231019612,148734873065387,1626316999,1626912531
682203231282542,757546206239981,1624018569,1624630020
535081416158889,299943764719766,1648790587,1649370213
431554090217985,489542702077907,1662244769,1662838689
949315212477756,539181503246950,1610349136,1610942217
107098097201932,424982343528683,1620007718,1620648325
520308116842795,656146689505250,1615570584,1616202008
221546859344543,137637511474372,1630754247,1631366077
598759520431413,249848689095093,1658029161,1658583039
640486556582360,575952147859202,1626638455,1627248313
781541301911056,411994882393609,1612407961,1613010588
604970522568863,685884901062733,1643173299,1643800278
977176648810296,137697058419215,1615361581,1615981568
292226459611665,805297903736802,1648290839,1648945762
185422802625373,187225273091180,1657851888,1658431702
429535015965438,504893932864233,1617990307,1618603214
939723541646501,722249467629638,1646297715,1646890004
457881968977659,537590835139007,1629263931,1629906211
490388216419732,406182072945701,1629910482,1630540764
705574432161520,328847215527185,1646542806,1647135559
512251280365569,965610083511559,1653217141,1653779125
748805817911103,574025731585278,1652181791,1652737814
703738560016033,438347474083819,1653177028,1653749588
631351083713920,246944901930806,1635509232,1636092358
258122521793832,824162971668233,1637441979,1638101092
346876279686668,828429005029794,1621403104,1621995013
622167789572081,576679648953333,1628254597,1628882754
962406521535475,639576142311991,1629984901,1630603128
201633899900458,434634445977017,1614254922,1614864582
147305663614243,955840530260634,1652385439,1652991945
934904042484399,362349627400457,1635910047,1636529638
302876229657746,977887045717800,1636845437,1637490203
302608917573281,375970433459562,1635548103,1636192359
336066894083444,123283026057986,1659206819,1659812901
233279477230501,925825403947425,1630170354,1630778078
787529099829750,572446573852754,1630087677,1630653522
923005109337068,106734102680429,1630278421,1630887728
861336725973595,191057007812849,1656262265,1656898008
173916717943099,588024484781240,1641506005,1642086913
862010934529711,102115855309242,1649523914,1650106061
506652300373945,128047506985587,1631886048,1632510515
625518004266293,310914009602607,1660230446,1660898832
698532458811125,383025018694725,1628090696,1628700328
916949264600667,311196627344863,1656692846,1657271714
738156666115576,640933734870127,1619747403,1620358789
443311070068831,248775969020878,1638914266,1639579987
897969629042717,769870138320350,1638039327,1638654499
540850095742434,569343394738540,1662905058,1663540361
688049881296520,416656573561106,1620748928,1621342696
123098692909542,968810000274851,1646999708,1647579531
950166700466648,308867296288010,1646272153,1646858959
398773792878966,692062985960182,1611098146,1611668740
415525026148413,783177499859968,1626232773,1626803129
611196995183741,270727534377347,1654288117,1654894493
135463907095933,386065928868329,1662364598,1662938712
268807027563477,684177696223191,1651813791,1652422231
770173778078054,793253967223009,1641613262,1642218870
570895789874087,161741174164711,1643855428,1644465985
996442622771298,262976359492610,1637709165,1638340807
598939796668868,909473548822995,1656575206,1657233402
214033294373417,207248832651286,1650176448,1650810988
285293199421410,470845074375678,1660872929,1661440252
731702294866891,520343277345160,1657348860,1657998139
813985798847566,118889813122916,1640050713,1640655899
615412847809743,824598641536282,1627966252,1628598266
273467236378144,141511479608892,1610956040,1611548560
329794859880396,237093218782871,1648955227,1649572781
790692538351242,867673836441564,1628311838,1628931790
264809362827845,762643858073347,1642490848,1643034334
446478408675601,939733490513602,1661612234,1662278389
582724693355034,294431726801181,1643408669,1644023038
330831778822881,970954543343064,1661558841,1662183503
763662705803648,400747112188182,1613256713,1613868228
179071325679204,256694252337068,1651468626,1652062097
364796332757660,321503399556166,1641830150,1642487096
958701327484954,130538279988262,1636648505,1637238999
699421100804438,286098255424999,1645244946,1645816219
796353182908328,288954576980358,1643539074,1644169826
301367207488269,259135887076962,1642066120,1642668646
728220491908263,384150118170071,1611743813,1612367067
539830614006831,406684280491876,1644462074,1645066581
710776915257570,572650385851987,1645598781,1646202891
165080207890241,113122756188866,1633291374,1633858726
180817914354404,915316248700600,1618747659,1619313597
852426414533404,561405876758199,1657823335,1658389102
965661235844864,158323472217578,1618583517,1619193972
877612393479422,958049559097538,1637019002,1637649532
472758162039193,302569095839746,1654983829,1655492390
917690510881142,540798440257799,1627853429,1628467245
299302729906191,469215944577906,1648823637,1649389856
710609771820786,795663637390154,1634724770,1635332608
618651049821926,457599688840388,1641309158,1641928533
443156502439386,294121506650082,1614652369,1615237128
978831946916452,796182181637221,1612071908,1612699473
691101264759493,310493402589447,1646194304,1646828636
147691862736806,917636753654892,1623652092,1624268289
831639819745329,945231955531376,1612482435,1613068189
950601937789525,759349182233829,1609942652,1610534483
993266641843248,117840632742134,1632534186,1633158224
766259096663977,889640791729176,1656634751,1657264711
425071877843849,770347914448711,1625876698,1626445557
229431500036299,408948800480299,1638092950,1638679543
675997111316362,520618092111776,1620856032,1621458335
583539595358097,118749013104232,1621841297,1622416445
599799106484520,330103780755547,1619840810,1620461812
489424149257073,449855310425673,1635372034,1635979575
406015315916049,358100382092761,1647148389,1647737500
705268197915454,632431932321690,1659437193,1660076266
250736011687061,977582822846441,1638498792,1639142360
727837571372215,822284703312792,1661272271,1661863047
890663068380580,270074766371258,1647690485,1648323161
224085288682912,877345874801942,1631835382,1632497871
946615327222415,454629764769109,1612244122,1612841296
293422120484570,109581937118669,1651081574,1651661744
111069844056127,654813671586282,1637738750,1638349778
243388413231777,316365844791057,1638510991,1639124831
595348716073129,910988767904197,1634047329,1634701305
608094005006558,329071674983187,1621961761,1622573734
838566388793380,691775967087389,1632359560,1632962070
433745084340876,462937344557627,1642662157,1643304860
497479950030044,697841760813759,1622551379,1623122383
963307943923176,985728343011849,1637712748,1638275060
976707470505873,129379987103382,1631743445,1632387872
934262013360149,394804739997443,1659977430,1660566022
766596145661256,319981598260404,1645663365,1646234220
773197423272394,913386377547953,1657836707,1658459439
750234433820252,245208179498876,1628529033,1629150188
956934300546073,452970048889428,1609582380,1610168696
297177675359784,978730058473332,1657211635,1657779875
102665701684727,305492121377374,1623251767,1623862547